area,UTM_X,UTM_Y
22.766799,607014.431813,4993974.3664
2.508952,605271.368465,5000812.82029
14.512898,596221.526836,5009756.37757
21.030899,667449.30548,5016955.73876
11.409043,639309.222325,4997766.6898
236.578097,617156.430478,5027356.04996
54.587503,616628.547924,5012564.87877
91.423194,602297.628844,4995904.66339
14.617551,615265.479383,4977375.79203
96.441871,640228.483794,5040463.33925
90.579352,679446.193268,5023398.49592
30.657848,673617.546224,5055299.63524
18.023146,596719.468654,4979444.18715
4.476896,640882.88432,5006689.37803
35.446593,651180.241689,5030663.83188
8.4558,660023.545939,5034751.59918
17.014446,612310.732181,4979085.27553
240.261797,686810.857687,5035824.05069
106.162346,653170.025931,4991145.31293
58.848907,652389.411531,4989578.31127
56.104449,632652.840877,5033411.08075
52.811148,613589.593164,4984017.51123
525.50242,587607.206372,5009279.28599
2.569949,660397.046294,5022845.79399
15.831949,604501.47488,5017963.22778
20.347877,674355.001915,5026063.59238
28.277749,615820.563498,5005578.60561
39.320997,636696.212443,5000046.5287
116.251445,615823.589249,4995939.52217
14.879699,656319.070977,5035622.21471
111.800343,606391.912818,5004423.26919
250.411993,625585.800664,5030901.453
39.535701,657249.029899,5028456.12458
25.100052,591138.364468,5009064.99178
978.787104,684178.31046,5057977.81652
16.04135,599661.588755,5013480.92808
62.657948,607837.426504,4993936.75423
11.455851,654064.506419,4990640.65193
1.136752,643196.74272,4991573.96317
1.426602,616307.551538,5003600.36935
3.679298,667802.74678,5016082.58465
7.497999,621196.64809,5035709.4058
2.43125,617524.594574,4971207.05222
5.9735,609763.173537,4983014.77273
6.927248,605150.824061,4991348.34133
2.215901,641318.943722,4993601.26818
1.874849,641794.325702,4993770.59682
4.879603,605721.074172,4995331.95344
9.785604,647135.254904,5000763.87704
11.537349,637919.588896,5001499.89963
6.59305,629452.43746,5009799.45753
3.150749,673919.324782,5012955.8001
4.326201,670693.525202,5018902.47759
1.6506,589477.69727,5019059.74921
1.772898,613005.321502,5019944.85709
4.612099,667505.137761,5034794.44375
3.284848,664075.292998,5045379.33328
3.083098,650937.18824,5046981.2192
6.304948,618234.579473,4979608.49201
11.899552,617452.677253,4980104.96313
4.450398,592830.734078,4982854.87623
26.551044,647143.393643,4986131.33086
8.4055,641636.380301,4989842.37592
5.512844,641413.736098,4990583.52084
11.921348,646328.937503,4991399.30239
8.595699,594318.122511,4992500.73638
7.54615,652010.460825,4999265.2726
12.216443,670941.843441,5013399.83505
3.43235,658504.525818,5021047.34864
3.7661,639501.35185,5031233.00353
21.34185,660831.779928,5034061.90603
11.167352,648232.395414,5046762.9354
2.882102,676085.807262,5049448.48184
7.112498,652576.27724,5052056.04961
4.911096,590830.014831,5009885.95037
2.823949,654845.896259,5055254.31342
1.06545,615318.703217,5028052.53909
27.086049,627288.590028,5009625.09277
2.6582,627805.044837,5020602.79572
3.998201,660632.817971,5025669.29342
1.060798,666981.634452,5054690.8572
9.615497,681242.40718,5057922.87607
5.718299,653383.762747,5003739.04195
5.826751,650817.527691,5020302.31768
2.978392,658945.229337,5007951.03981
21.344601,673648.226337,5013465.28253
54.898847,623963.716018,5001865.48825
197.967119,663574.413313,5034031.75966
334.165924,678172.165186,5046552.65686
11.084552,666129.819648,5048150.04732
34.037433,658285.497542,5008602.62574
25.798796,638441.980524,5017315.9823
30.281249,665843.41868,5046917.49489
11.396001,676124.732505,5023815.42851
33.394246,581769.05777,5009876.46726
148.700052,613871.360669,4982163.67297
82.579951,638712.429016,5007077.39236
136.908799,667132.289143,5020010.37096
18.896347,663928.075744,5020762.01055
9.818399,652640.622461,5053828.35917
51.037355,626318.13959,5038485.38029
121.283457,582738.625414,5002675.02683
22.628402,656217.595034,5023035.98007
515.905534,584263.154692,5007124.62949
39.511402,655564.782923,5046855.94991
10.643875,658912.885769,5028145.48083
141.720232,681875.093115,5033392.68571
12.938953,676267.724094,5034250.37277
132.40013,621478.758579,4979617.40221
14.21025,601469.323863,5006034.28086
89.328646,650220.789635,5001268.56792
8.294652,591384.300627,5009933.99075
152.217795,656949.164315,5036233.90445
13.373902,601819.754069,5007219.92135
14.962148,650383.750722,5013375.14786
46.030543,602038.086178,4990981.64963
25.088104,651144.942708,5045996.03543
8.443,586693.270709,4999215.08459
16.530504,658476.100799,5046240.83912
92.437007,605810.831012,5007834.85186
6.085649,643230.428604,5049910.38557
215.68874,651868.055351,5004356.17354
90.904307,614836.08336,4980538.88839
33.206415,659365.467708,5027500.17531
66.459994,667302.447497,5033715.56937
20.168699,601814.873404,5008638.75768
13.574696,668273.380022,5053728.42252
12.514696,626779.968667,5030353.46237
81.105199,659584.130011,5023823.66998
25.074047,588646.201344,5015099.38162
108.7409,638144.786125,5035011.32268
11.931051,672436.185917,5027837.7045
13.272248,641572.557158,5007295.79996
266.279779,673569.754992,5024619.00668
29.160032,665055.999845,5034881.49234
12.963399,587943.435497,5003919.02023
120.971751,642646.201495,5037318.01398
6.994797,653900.614572,5030038.03112
148.924773,628829.983485,5026839.95328
7.247352,598159.654558,5011737.46828
44.248554,589532.134983,4990422.9188
12.980149,604681.863124,5007408.99482
280.918337,598445.726922,4980108.26803
16.75525,624163.755877,5019141.30312
21.867702,592472.976577,4994970.24441
18.782152,661945.691117,5017173.29632
63.9691,652982.216842,5007170.24995
16.633099,682408.3377,5042968.44782
83.915183,615434.565689,4981559.79048
33.845549,598508.610214,4995745.35624
37.177398,594771.121738,5009910.44356
5.02405,602456.774029,5008965.66894
19.890771,658181.614187,5028529.56802
98.3674,615633.657445,4984742.18648
68.469849,646003.189257,5026710.62034
18.954454,612188.218562,4974123.49291
9.760249,604255.221307,4985525.36901
126.920446,642593.513951,4993800.0283
720.851164,584399.512183,5001385.19081
18.685949,658102.32227,5027705.39999
9.464299,627688.962371,5021245.52403
19.863701,649102.766408,4998915.88279
25.457951,610910.879841,4994839.00816
60.979053,617934.133131,5010218.61573
366.906962,590551.575466,5017628.74972
17.917749,663856.919567,5055066.69169
15.491552,653822.517687,5044729.95127
22.144045,591303.887062,5002309.9121
3.600152,652190.14846,5051151.9501
159.855646,664717.81894,5054525.60444
141.498715,678388.288631,5050680.57011
5.957304,585084.636318,5008394.55927
260.145154,587239.11495,5000592.68912
3.009501,682832.360942,5044010.36326
9.045152,614422.596402,4971205.75774
21.537645,581723.866934,5001385.10735
8.754248,653022.580407,5025451.96131
17.46365,653180.940452,5026887.59594
78.946947,649780.700386,4990468.2266
6.707398,608237.149072,4984731.42711
189.179648,622339.333401,4992530.0325
3.329201,621285.153201,4991438.11245
101.03504,686808.014816,5053805.75523
19.591395,655730.398267,5029761.65011
5.63675,653861.386595,5044108.25766
11.361502,677432.96263,5028757.17612
6.27855,652264.232182,5029153.80754
2.48,662193.621578,5018325.13831
32.932198,674965.865396,5027895.91047
121.029146,678724.613971,5054789.63771
194.280351,678628.748472,5025493.90913
26.433598,673743.211189,5051745.87225
195.875058,618225.139517,5020839.73614
26.442556,658931.443704,5012586.83578
41.323945,629190.111961,5006971.37001
32.074046,678434.521387,5028765.77863
59.522504,669791.829525,5023281.59273
9.885648,647157.364226,5004466.83358
38.773105,679990.745191,5034493.18318
6.279251,664872.211541,5029149.12693
10.482254,641778.949568,5011096.99759
135.370852,666082.620742,5039911.65275
13.744851,629538.981676,5007963.68237
8.89495,610265.145876,4996431.91244
49.985805,657892.501192,5006327.78825
11.575151,604623.718226,5004416.4715
4.174198,664601.94346,5025015.70504
422.580441,663545.027861,5048418.64556
56.791002,668393.08468,5022317.07131
75.961016,690708.105602,5034105.13528
131.958796,643728.348129,4990703.47625
22.544846,598477.671031,4991641.95117
11.952599,593291.148981,5010150.12026
98.401646,646410.96087,5006554.71722
12.995049,678070.102629,5037639.18319
16.290102,602576.714006,5007960.48718
19.180548,642381.849025,5006267.65923
46.138352,643657.452758,5000670.22998
16.695053,616112.637297,4982291.28773
27.022698,668505.187843,5029981.13038
222.921604,613042.368222,4977616.20807
28.121149,655790.440253,5038443.06512
35.636452,642296.281231,4995260.01223
11.765698,670484.676711,5044086.28363
7.699546,621765.61904,5007850.90728
33.724904,582537.317795,5010818.77331
125.509253,666517.45298,5015898.47461
19.673202,643577.224655,5017358.91026
124.569945,641111.353173,5034935.7579
227.33108,662950.488974,5025668.36881
149.062357,661550.937903,5009404.98056
8.314455,628701.329175,5008987.50137
43.222924,668552.022108,5031724.24729
34.169597,651636.554059,5028701.9532
32.103654,634959.691475,5013916.98544
74.311528,620742.549695,4980829.37215
156.677717,621789.617076,4977581.38132
80.329449,652067.782674,4992168.06461
28.907955,675755.767897,5025922.17474
9.584148,669352.371378,5022422.6381
95.515491,594203.415612,5007453.24991
580.785501,683324.509038,5038060.40091
175.821056,662003.588967,5054724.47809
51.296505,616835.388237,4969564.87981
14.546648,635639.672066,4979343.86189
28.924702,598152.528278,5000393.10408
139.182497,656268.220277,5003477.08667
18.52215,634843.415167,5031234.43474
15.343949,592347.486777,5010792.79127
21.510749,634938.751422,5022471.9156
19.803049,638553.81469,5033114.02939
128.201795,685716.851496,5028327.95478
152.142535,601122.317732,4992605.07761
28.426451,628924.754575,5010940.64426
192.824047,624596.76826,5035798.41988
16.088849,655609.761872,5051289.73369
8.980748,659067.456761,5012052.73427
47.077299,663653.095465,5057195.44287
9.746251,647060.953472,5004909.4874
17.154488,658811.870094,5026616.63125
39.694954,664150.995049,5008163.03908
70.030349,632118.61159,5015820.15084
58.439281,632846.792193,4973445.67883
53.752347,612867.294618,4996998.31537
66.735601,594084.883568,5008926.82503
74.196494,659340.612995,5025268.70803
17.831896,630622.639992,5017206.04151
651.495141,681089.333377,5042859.04707
26.770698,653175.596416,5050379.72968
113.743142,655851.674582,5028413.44849
112.807551,689558.908832,5021576.84613
93.257475,635914.488987,4984899.00311
40.21595,618092.983754,4970671.18528
6.1888,607987.308016,4987229.45735
3.983898,588648.47551,5018968.13717
6.313749,657614.351166,5029306.42481
147.929453,597078.399601,4999565.57201
7.324298,596678.303019,5008864.11114
107.093954,603349.915302,5011633.09636
13.110798,616358.756822,5032209.2109
10.992397,646285.069749,4997822.76846
264.045407,583760.514255,4988265.73604
172.988702,661538.33143,5036398.60408
145.425082,677030.740859,5041953.73761
8.906402,610781.732294,4996003.25797
856.627362,620742.385209,5003984.99985
33.638949,661373.712602,5033695.83919
144.3359,676810.71385,5055643.58805
14.758526,597703.118503,4995661.84131
11.564899,627701.406978,5019863.08983
102.060257,675392.309493,5029355.41052
17.208648,593442.365659,5011660.97448
23.4909,591962.180459,5019200.3614
68.744151,649709.875852,5027038.41008
154.538902,634969.157112,5029454.84058
25.740956,596620.612918,4983348.17105
5.874098,664121.77198,5051131.28727
30.272848,664636.690673,5052325.6396
20.344147,650197.090357,4988048.27537
120.137776,670178.774227,5045497.40238
17.981146,669426.519432,5041838.85928
23.317199,613797.925736,5010214.93874
8.780599,663492.743004,5021655.26967
22.665597,587785.57043,5016030.87225
92.234503,680233.218619,5033328.90676
11.223999,672835.644682,5026431.40141
18.335754,660747.010895,5011186.4041
375.054941,651757.2658,4986233.94674
4.100599,633990.840949,4982133.13743
108.610051,614022.883939,5006682.29335
11952.840421,619985.646824,4986697.92127
36.199152,639134.087704,5005907.1741
6804.745764,654368.161231,5012704.13618
2037.99765,621363.47018,5012030.27449
645.840003,590837.496463,4985113.59862
5347.927977,600404.836266,5003278.14621
6375.568634,610063.664242,5003154.59323
349.240392,653958.276978,5034204.22428
692.702737,642535.560101,5021081.17472
830.678871,648910.788496,5022819.96776
210.410503,653316.681058,5032499.15655
3099.948455,676178.397624,5018590.51979
211.970252,682030.587833,5023502.04612
1062.538142,636670.597993,5011566.69979
1531.135081,633744.616705,5021285.39478
133.54083,629906.101436,4974998.39749
165.240463,658862.181303,5033461.8301
61.893847,640715.538219,5028560.78727
38.91575,641914.969536,5003027.40581
23.535297,668592.084522,5028636.15825
58.829256,612131.866073,4975530.76261
13.103449,628757.172767,5024684.46447
29.015902,627851.150909,5024751.64774
56.546466,600785.00984,4994756.42734
16.859501,650919.943459,4988354.01529
68.121992,640806.311873,5041918.2534
81.109299,637684.613581,5003560.57159
22.321903,606886.576854,4985497.08683
51.943902,647836.869321,5027364.58302
28.140095,635451.560184,5027471.5009
128.732293,609919.760611,4983751.92496
32.825497,657547.028518,5031865.36225
40.76625,605945.239579,4991093.90109
54.0834,639184.656811,5037270.67811
26.409698,606144.418447,4984567.92148
21.016595,605777.559014,5006573.1179
16.127499,652735.850044,4995978.04766
64.935163,681723.916961,5016510.37371
83.856297,679535.635765,5058901.22342
93.239246,678862.060682,5040702.54975
18.751001,658589.509491,5010694.32528
30.621798,601636.78203,5012538.70667
99.031993,691925.182701,5023633.45734
10.691449,639999.089287,5004384.07986
80.935403,614591.499739,4973162.43636
1424,576861.212811,4990444.797
1424,582443.342282,4995571.492
1424,580548.586926,4996282.025
1424,581259.120185,4997860.988
1424,579127.520409,4999992.588
1424,580548.586926,5001334.706
1.028849,634951.005087,4998821.91227
2.721849,654586.76814,4998871.30625
1.710451,617906.442088,4971289.69813
3.397998,591798.181407,4998930.68711
1.627648,589121.756909,4998997.58495
2.618499,611626.287936,4971660.33156
2.207451,616265.278981,4972869.24511
12.8539,611681.445453,4973394.41633
1.5153,590183.922821,4999280.85097
1.60585,587326.569114,5018867.38732
25.491552,587850.157045,4999217.57835
3.471597,625368.487741,4975070.50588
3.843448,612767.060159,4975700.62579
2.96045,610068.194722,4975810.2607
37.119294,611704.914053,4975429.43186
2.4992,585539.860525,4976545.40188
8.406751,584043.589533,4999836.21917
3.623497,606524.14365,4977043.47326
4.723201,647427.778767,5000014.8951
6.159698,634403.654153,4977523.68938
11.272651,607970.171562,4977386.93733
38.175755,612300.415086,4976767.37322
1.259199,620102.280855,4977776.96691
13.406847,608209.153817,4977614.93262
3.876351,635176.514038,4977890.97697
1.36095,586516.138642,4978102.46523
1.878801,618004.058306,4978302.04623
3.65305,584550.241553,4978183.66583
5.546848,609383.182743,4978416.57031
1.9539,596315.951239,5000663.20926
1.448598,617199.925293,4978608.87272
16.496146,618546.836942,4978427.42461
4.246349,622257.950316,4978726.61726
8.086154,586086.531198,4978995.83653
2.370999,585491.312072,4979117.32168
4.158398,632498.25844,4979035.66093
2.163448,609887.850862,4979206.69104
1.551496,588496.370751,4979215.882
9.181351,595796.157056,4979205.49692
1.449449,589267.868548,5020414.60963
8.464653,612992.351255,4979228.11606
9.277499,617913.286339,4979321.26151
6.998298,578696.607247,5001429.39295
1.175399,602970.035274,5020509.43579
8.850001,594011.611315,5001595.29504
20.043549,619852.71261,4979423.61687
4.689199,616933.514513,4979957.04016
1.03254,586779.928184,4980279.92981
8.907852,614083.002963,4980126.45702
29.723604,641921.594363,5001868.9884
5.617498,595928.371395,4980070.67905
2.910899,585629.047788,4980365.05707
1.543801,602033.202703,5020932.18405
15.001451,595505.360339,4980024.26673
26.934702,600062.403478,4980487.35478
1.847799,593556.258416,4981060.41124
8.006549,584858.925263,4981035.3603
1.466545,582919.445256,4981173.5335
1.694801,626702.98149,5002534.98971
8.699149,635273.030128,4981172.25419
3.266299,595941.351922,4981229.58184
2.3645,595241.913972,4981308.01862
2.551198,592134.444211,5003299.906
10.591951,609583.799937,4981167.40343
5.060451,594015.640935,4981120.47594
3.386151,592770.743088,4981371.6982
11.589849,584200.805195,4981474.19136
8.890098,593585.058862,4981390.9318
5.953999,596250.407877,5003575.52499
2.828251,593339.373113,4981782.81277
3.678748,594015.878684,4981759.59814
9.356852,617805.020286,4981824.26606
8.211898,598438.858027,4981858.40843
1.11,593241.545211,4982000.28575
5.038501,589949.29302,4981846.71764
10.778496,610006.004753,4981983.01525
22.694898,594512.048015,4981758.62566
2.869301,597674.930019,4982162.14633
13.213749,641936.322996,5004101.13479
3.334298,628008.082343,5004242.26767
2.45865,595560.740523,4982313.06335
6.402097,618028.365158,4982249.40535
5.733652,594408.407193,4982311.5094
2.188997,635848.431783,5022018.73786
25.180753,588913.989307,4981722.84999
12.192801,611231.494875,4982394.2974
20.18095,598180.947312,4982482.30768
8.695824,585316.594555,4982549.16682
22.593899,599151.413441,4982597.90205
2.110751,592450.355807,5004945.43097
7.09335,590480.125901,4982496.54923
12.461098,591418.708705,5004815.89467
1.71265,592285.037061,4982944.42419
7.944698,641247.328599,5005021.9589
3.699751,672447.41329,5022392.48869
8.35874,585681.541199,4982611.50462
4.237801,592606.252308,4982901.32253
14.029199,615340.482432,4983197.54922
3.72735,587916.667868,4983363.1175
37.197399,587583.693131,4982007.11013
1.477049,582546.164102,4983475.36532
10.045998,583406.32568,4983378.76983
3.169497,592848.504233,4983435.8253
35.061157,586963.057012,5005065.17182
22.279601,606410.449639,4983037.98748
12.167298,616829.971664,4983437.87742
5.2561,593315.038679,4983420.67122
5.077898,595645.312762,4983629.85463
4.27195,592457.968483,4983773.23177
1.148204,582243.056482,4983756.41064
1.939802,586557.948618,4983843.60017
1.532848,599586.990744,4983885.46081
36.432045,589604.142212,4982901.45798
1.5812,608693.630453,4983983.5885
2.850395,599797.364971,4983979.27707
36.265343,586668.304615,4983443.06802
49.594838,594223.484433,4983527.47278
4.815597,589262.586641,4984020.33082
6.367951,592164.230161,4983667.20498
8.792801,587157.369714,4983946.5228
1.133507,582276.605482,4984186.66317
3.368499,606170.78277,4984169.90791
5.225249,605872.532797,4984114.19003
1.239933,581337.953837,4984296.42122
1.687199,586930.19184,4984382.43276
14.322,617565.580899,4984197.58117
1.564447,582175.811443,4984366.71306
1.896098,617909.104923,4984476.12274
2.233449,587164.532673,4984528.75651
22.796144,589809.31161,5006917.63364
4.062552,607691.523558,4984650.39352
1.50425,587645.717925,4984640.15752
10.005198,607241.743307,5007180.84087
10.609948,593318.173034,4984618.16891
20.228753,593646.194485,5007170.2421
1.750764,611508.62982,5024085.95447
1.38895,581545.672554,4984605.16924
1.188649,588280.8638,4984922.66906
4.521946,589118.811235,4984970.38002
4.353999,588585.549586,4984881.02579
2.3755,592287.684898,4985060.49981
2.953051,591109.740421,4985191.27766
6.383047,660299.856731,5024332.02122
10.782548,580187.256805,5007458.68946
2.804698,609127.143933,4985474.95167
2.544398,592363.556967,4985479.35112
1.523398,584438.015758,4985719.73471
1.729501,597888.981849,4985647.78693
13.136454,581313.545756,4985492.56498
2.483651,617605.813186,5008019.3899
2.803351,605636.671334,4985836.46309
15.95575,583397.735758,4985647.99671
4.956549,618541.272603,4986008.45981
4.793998,584146.310193,4986037.92427
2.252748,617536.654727,4986206.25399
10.490599,580676.879827,4986139.41634
1.142148,644837.250196,5008341.72094
1.966298,585890.716584,4986372.41889
10.371147,584950.156856,4986271.28604
17.707346,586485.048225,4986273.61976
1.126248,628943.355109,4986569.59868
8.649397,639583.570953,4986478.27891
8.4693,583762.961181,4986660.39158
29.386248,594953.896473,4986126.34054
2.47695,578562.098735,4986856.94746
14.144347,584496.233585,4986701.59917
2.384649,582186.337138,4986989.55019
16.215101,580714.438421,4986900.27445
2.488698,581931.056075,4987124.87141
1.666299,668952.69312,5039369.46886
41.5077,588148.924393,4986763.91717
2.931053,617578.131261,4987284.8934
6.624946,670103.490285,5025549.75177
10.029051,580456.368338,4987391.16561
13.3091,585748.541179,4987497.26962
46.78989,593941.656249,4987355.86658
26.367249,602473.307289,4987705.32794
1.2589,578939.677299,4988071.18867
10.944001,607931.598805,4987958.06477
16.605749,592606.650559,5009483.67619
20.5353,601266.023563,4988367.06151
8.85785,589960.661588,5009537.61786
1.1627,607286.190151,4988640.22879
1.140399,604946.385786,4988720.34424
53.033058,589845.926101,4988337.45841
4.132346,654155.557503,4988858.62604
1.29735,598564.461806,4989070.26587
3.453247,584841.699078,4988989.42597
1.3131,589766.121183,4989158.86254
6.90675,604620.315627,4989137.12151
1.200898,635323.20811,4989275.53063
1.91915,600823.640344,4989401.32938
11.485599,592740.077853,4989148.16121
8.426198,640335.762174,4989319.22545
2.066001,603247.169326,4989458.30721
3.91495,648881.276932,4989425.62342
9.3723,585454.513095,4989391.80467
2.862702,606614.857605,4989424.04003
10.846596,587769.250565,4989418.46402
12.090249,599282.178206,4989399.0739
1.838299,626552.88565,5010231.74006
6.335596,599742.842877,4989652.16983
6.646698,583877.739692,4989845.65708
11.98295,612085.805362,5010345.78655
2.961099,606553.326732,4990372.18226
12.602003,626752.324805,5009714.17935
31.42855,597587.865225,4990282.71085
20.784199,670715.917347,5026654.49664
6.918201,646192.454072,4990567.87974
13.568,640188.757721,4990643.91377
12.418101,599375.74639,5010785.83433
7.2822,583738.303468,5010915.43742
1.245699,594348.131248,4991063.07374
16.6166,589205.955642,5010928.88814
30.705495,602819.139404,4990811.69491
32.681592,587412.929015,4990895.49956
2.684999,604928.942374,4991160.50783
2.8772,652378.889634,4991319.6854
4.307498,633949.422887,5027194.46985
20.927497,695000.705633,5027054.53581
2.912149,680353.84704,5027313.31878
1.843701,690669.738157,5027331.12013
11.654695,600748.779399,5011134.73718
2.721999,609817.938917,5011530.78521
8.601901,590877.858508,5011514.22304
36.585298,599651.56141,4991246.93477
4.6287,650605.739445,4991583.40544
1.287248,625169.461697,4991573.57679
16.936996,628240.677633,4991538.45413
1.19645,604251.362636,4991681.93925
1.915151,596481.988176,4991653.86077
1.070349,638889.798354,4991793.25692
1.906697,652883.944031,4991788.20812
13.274249,650826.625763,5042509.4092
1.7745,598638.526071,4992040.25665
1.794852,638736.149538,4992081.82654
4.972099,603916.490988,4991944.77307
27.571149,585868.247927,5011787.11549
4.937548,640285.128039,4992080.86932
4.914053,639658.538743,4992186.63192
1.6116,638968.80152,4992277.08278
2.395548,602022.49039,4992220.98407
2.194897,653584.240678,4992382.15427
1.311547,578395.008185,4992437.52494
2.561298,648000.734557,4992475.57799
25.342948,604422.798909,4992295.54339
1.362514,584052.402287,4992661.74968
1.629498,624745.609226,5012703.00601
9.754003,625515.252996,5012538.68629
5.323848,603707.046683,4992872.96508
16.33625,598437.441739,4992839.21555
4.99345,638609.412575,4993005.09243
2.571597,621300.846382,4993125.34664
7.254151,594373.3533,4993120.53899
20.225398,641728.752125,4993339.21856
13.381998,603398.370973,4993381.72978
8.556249,596586.907715,4993461.80189
4.230801,605882.881532,4993377.69834
3.974649,607454.41573,5013240.45262
6.347858,634371.687224,5013347.28672
2.79995,690680.578967,5028362.76895
4.991349,638469.759005,4993717.27943
1.185298,594173.164621,4993920.96321
3.45525,606155.56711,4993889.70202
2.149149,661460.276857,5044171.24096
2.363598,589511.664181,4994023.65056
23.192454,603981.272571,4993579.13473
1.216998,594631.503757,4994103.37033
6.080045,624248.805966,4994041.56058
2.079949,673466.385731,5028999.13406
7.6223,605463.501033,4994225.6525
1.077999,590829.916845,4994395.29721
25.16295,597442.005533,5013812.7566
6.04045,610832.148154,5013887.05265
11.511349,640378.189515,4994333.86881
1.370148,597737.554963,4994441.30674
7.979846,651079.060664,4994398.37278
13.150999,627262.764287,4994493.6235
1.035599,597931.160324,4994617.02079
3.8971,611876.545962,4994535.81427
1.837798,644214.234556,4994679.85479
1.259053,594328.247921,4994667.33425
2.038799,594476.314342,4994837.01214
5.138702,620853.788381,4995033.63618
1.259001,591477.411302,4994984.47617
34.057014,598475.092323,4994651.4157
6.271151,675859.958691,5014482.00598
6.5739,651362.482423,4994958.43931
1.892448,587165.379549,4995151.24046
10.735147,637730.868262,4995083.28132
1.522403,589979.833285,4995249.84751
5.762949,608351.920179,5014812.43324
35.675099,590338.310404,4994412.68805
14.670545,585420.189941,4995137.1043
1.141452,618344.473032,4995472.50581
1.317548,587234.603593,5014969.22991
1.600098,606670.796494,5015002.33277
6.398449,674540.682352,5015192.77812
1.572636,581335.592215,4995552.12145
1.119249,646715.310848,4995692.62855
6.76565,580148.447622,4995579.29275
7.289501,592004.41456,4995689.23776
3.625101,585902.735764,4995736.07819
15.618002,605776.608468,5015091.40324
5.780452,591386.099628,4995580.35374
1.086487,581645.939978,4995881.39611
4.564198,651120.553994,4995828.03066
1.24255,611574.266803,5015857.51919
5.009745,586248.629568,4995780.19677
3.938648,608351.793313,5015712.9933
4.523996,650336.470569,4996032.42856
7.042,585069.658041,4996009.69405
5.0637,584624.954087,4996060.75285
1.951901,613184.453252,4996144.97024
1.467397,648922.264912,5030363.00895
3.19245,590929.891731,4996076.97501
43.053817,612296.707974,4995908.8224
7.566902,583051.8532,4996223.01675
2.733501,642563.558132,4996234.15386
49.041197,639326.02628,4995507.71178
1.4985,586886.573815,4996448.47169
3.7202,660574.4087,5016398.92632
15.771047,618522.199156,5016287.3787
1.019749,588486.850642,4996693.482
25.504007,588677.759963,4996134.24152
13.017403,639495.537063,4996699.98841
4.012451,579663.757764,4997013.88906
4.821998,642317.471952,5030643.78277
2.289247,599360.824289,4997068.02124
1.257001,585009.177275,4997149.76852
3.228699,641969.993927,4997052.95906
4.918298,645813.223947,4997095.04236
1.628302,610825.496017,4997251.10558
5.552901,585878.005438,4997211.65457
13.98565,587016.625149,4996846.75972
4.53695,674996.644272,5030890.47501
10.502452,583538.805723,4997286.16158
8.898251,626601.495556,4997363.82895
7.94345,584200.031067,4997501.79512
2.399447,583076.557798,4997698.14113
8.86655,588483.637309,4997639.26107
1.078662,578928.225593,4997901.42328
26.091893,587354.889967,4997495.45377
3.229451,592308.467516,4997746.68726
4.29635,591335.687383,5017257.8239
2.541498,670528.970166,5017660.02364
5.1508,586121.105108,4997848.72804
1.999148,646959.499227,4998130.92626
9.467303,596606.781212,4998067.58822
5.457451,587567.957788,4998177.20975
24.171402,591518.205179,4998223.18447
1.26925,588739.906071,4998563.90259
2.5472,584080.884382,4998513.36884
1.088551,590110.670991,4998573.75392
1.115199,592314.126637,4998688.62214
2.713801,591259.051064,4998713.66986
2.198849,589067.630671,4998709.98117
15.584799,588024.073633,4998649.0707
6.194147,587011.631559,4998660.56266
2.745849,595964.612091,4998686.1742
50.844136,680908.906187,5017772.03733
13.689304,642066.244259,5018375.13543
3.128148,586688.723528,4998907.9195
5.413548,665540.617958,5018548.14298
28.260046,621444.972446,5018143.71559
5.81825,588687.864717,4998920.0571
1.602398,648198.233006,4999038.08522
10.167551,671225.35447,5018710.3027
11.29395,587843.368354,5018670.35657
12.81565,632353.847451,5032197.03918
1.010949,682668.870342,5032398.71357
17.066321,656737.335733,4999185.27786
8.8175,682104.292607,5019054.22454
7.661603,585572.513502,4999326.16965
1.9415,656379.307057,4999614.47122
1.4948,584657.910903,4999700.99081
1.194199,585045.731274,4999774.51723
1.077651,655918.177835,5032574.82914
17.455498,588305.8555,4999818.44254
3.74985,651484.494581,5032737.44125
9.047702,639482.841302,5000069.24757
4.188753,617449.514507,5000026.73329
5.114399,585251.097329,5000222.17736
4.634048,611762.58253,5019470.40851
2.207801,595332.008559,5000315.96173
1.541975,578954.718301,5000327.48411
1.20445,585545.088644,5000475.04005
9.192698,651839.864243,5000414.88037
2.842333,590324.483277,5019822.87795
3.141998,596576.259085,5000508.38537
2.249601,588200.043703,5019946.93447
1.13935,620747.452235,5000662.36415
8.68325,668457.226731,5019734.12359
20.16905,618685.927327,5000641.20971
3.148399,684130.494124,5020018.89968
2.709148,591708.76079,5000911.18497
3.528502,617382.3306,5000880.0813
1.514399,588098.701102,5020170.12421
3.566552,580786.700284,5000914.39929
2.764647,627884.156865,5000811.57985
2.9027,651749.196506,5033417.94548
1.714798,664510.356144,5020389.37829
3.536149,596798.064755,5001521.3702
6.055649,612258.155596,5020366.28815
11.528752,673283.1946,5033714.28886
5.30615,664157.809385,5020380.20253
2.5522,591309.661884,5001770.48402
1.78245,642721.429685,5001874.32138
7.111802,620600.250848,5020535.15142
5.659599,601006.816483,5020642.05224
4.355302,592700.455044,5020791.71433
4.173097,653902.199531,5002108.56853
8.444752,589520.280365,5002219.61581
1.572901,644811.314912,5034200.91257
2.48255,626415.416905,5002252.96563
1.281451,626589.805949,5002303.48566
1.226798,642913.662817,5002313.62655
2.900901,655034.448399,5002396.68239
18.285848,593968.152011,5002092.41424
19.7169,645372.659888,5034428.64314
1.036999,593577.158704,5002996.80017
4.711749,597504.958249,5003093.95858
5.772699,603800.523063,5021140.9768
62.876298,591943.728431,5020794.61386
2.111,670155.264457,5053390.76158
1.957697,592378.695854,5003529.11904
5.071799,688421.85898,5021546.02947
10.595949,590178.080313,5003531.64462
7.34835,662760.286954,5021539.57855
2.16745,613981.696807,5021644.03032
4.3487,582072.612781,5003809.11866
47.888704,580008.311485,5003585.40302
4.237651,609685.184643,5021609.13299
2.375699,586496.783724,5004000.77697
7.783899,658816.182671,5021721.40143
13.826749,591889.728424,5021698.27132
9.04825,643943.886364,5003818.90328
4.221898,691402.15537,5021845.08137
1.046451,669976.665843,5053988.82757
9.213498,670407.087541,5021837.27824
6.996199,578275.381927,5004205.19191
19.284146,647400.252611,5004145.97548
2.225305,623757.709942,5021972.23137
4.242201,681410.698934,5035436.47305
16.100397,654220.835909,5004461.56287
2.056699,603147.433822,5022149.34257
31.878147,646341.39701,5004337.88909
1.99875,578382.022549,5004773.66377
6.247351,640969.537932,5004654.75046
12.600849,631013.754377,5035442.11088
3.2093,663167.075389,5022267.97333
3.727701,675885.423508,5022353.4512
2.681848,624528.198051,5022394.93881
5.187999,684639.020982,5022341.93566
2.3488,674822.468566,5035641.54309
1.436749,617502.18489,5005268.26661
12.197803,657837.239367,5005121.95239
7.955447,579036.835429,5005166.62652
6.7825,618128.939983,5005304.83349
25.254493,594098.552554,5005035.72729
2.0343,599615.846786,5005409.50088
1.723747,588624.396959,5005386.41628
16.822302,643066.491258,5005214.40346
2.783852,610735.818153,5022734.86189
6.363549,583224.40431,5005442.74671
4.8221,614422.982535,5005535.97301
4.980897,655310.073396,5005749.36539
2.7495,581020.911631,5005784.99129
5.8827,657472.88793,5022915.35101
5.90435,590565.517773,5005959.35278
1.4094,671633.185144,5023096.23805
3.060999,605993.551492,5006133.54128
6.813952,654952.953769,5006124.43776
19.940441,589420.968842,5005929.1615
9.60735,619577.634267,5023103.69703
3.550151,595038.519068,5006304.07015
7.193547,588746.979421,5006213.75478
21.39135,578964.494757,5006241.47164
1.854801,583922.530279,5006470.58976
5.172048,608488.839745,5023161.01417
4.7035,610424.583841,5023272.29166
6.202543,672695.694855,5023402.66362
19.053001,580487.370936,5006377.75718
7.234599,685478.268539,5023594.45314
24.670304,644834.745994,5006559.93076
18.205495,581002.952663,5006654.53809
9.162797,579573.680797,5006659.65738
3.639799,654256.530466,5006960.73721
6.9178,666808.899964,5037446.33677
6.4365,659701.581125,5007056.92875
19.29365,642884.274757,5007139.81978
1.6636,639176.058538,5024000.62762
11.339999,692991.137476,5023936.17873
5.915699,685314.091069,5023936.56533
3.181499,682072.427406,5057506.35243
1.554699,655627.537889,5024266.09233
17.600101,591201.824671,5007325.97077
9.648346,664061.198663,5023978.35104
3.766147,608028.602733,5024319.85439
29.932997,589094.743527,5007302.23514
16.262396,686907.939515,5038288.14144
3.0418,657169.863725,5038491.97612
1.306849,586891.908458,5013519.90527
8.070149,687486.279591,5024425.01524
1.862149,586425.684133,5007841.91867
3.819199,665311.747833,5038643.0209
4.952852,590536.29707,5007860.18645
3.41275,594725.908712,5007864.91261
37.440399,581424.001247,5007725.93918
4.929849,685440.691461,5024595.79144
2.512448,622122.603879,5008064.45145
1.7654,665971.086519,5024677.4535
1.100949,679585.33034,5024821.2145
1.27535,636087.707525,5038879.14749
2.610602,653911.137354,5008197.75078
21.257103,592059.222856,5007746.21661
2.324548,607603.184147,5024786.82499
2.478598,637858.146207,5024759.45776
7.389351,682300.856649,5038931.50708
8.472301,681343.515965,5038894.11129
5.553052,653127.092267,5008566.39893
13.98275,653680.096496,5008441.21321
1.443249,606803.51659,5008621.08689
1.265451,630982.308561,5008578.4263
2.238351,589629.041747,5008691.66586
11.24785,657835.499229,5025224.71035
1.560451,664090.558364,5008839.13033
9.643247,668323.655917,5025336.67284
1.421,632697.003415,5008928.03913
4.4591,663109.651716,5014715.7436
10.27055,590032.368939,5008992.5247
20.485304,583752.436427,5008756.97609
9.476401,642511.824471,5039454.38568
9.289001,622069.747357,5025616.30087
12.673948,681174.053994,5039439.56024
22.790699,585059.449877,5009079.65219
1.484949,631232.160204,5009393.59554
2.0928,653492.814506,5025714.5743
8.91975,602641.366877,5009214.86063
6.134401,673350.635318,5025692.22326
2.2383,687215.669738,5025739.01426
2.204201,596623.863085,5009570.41467
14.588954,694335.931934,5025533.7861
5.663297,591515.748638,5009454.75327
6.540851,599179.995106,5009730.77794
3.377101,591939.016165,5009726.29967
4.242701,691933.162353,5025950.44165
3.146149,638892.978555,5025959.67235
4.632649,668702.472747,5025957.97544
64.759044,673769.976366,5039841.46918
15.65655,628162.334178,5009765.88167
36.396103,658873.216253,5009550.09496
4.93035,589742.565515,5010034.32763
7.349196,648658.948922,5026175.8482
3.33675,628592.943734,5010042.84557
23.846869,602154.201358,5010383.28432
7.639646,629941.324085,5010047.92069
4.493577,665899.109936,5010197.19481
3.381849,659232.528476,5010339.22143
3.78585,643204.604087,5040681.90172
2.392248,636736.141235,5026452.52793
6.29055,627461.047037,5026407.9538
29.994749,584676.293176,5009880.14973
3.650752,657813.537738,5026575.16245
3.1837,669127.18874,5026575.0244
4.528551,668207.3094,5026645.98706
5.880248,642973.943734,5016498.73596
3.01925,648483.207479,5026708.79198
21.235602,642269.060592,5040735.6209
1.340701,662579.325072,5010864.49276
1.7886,617934.315689,5010895.71928
6.173253,626211.885086,5026677.10435
3.82055,687946.278495,5026937.89651
4.879052,632924.248978,5026892.71325
8.443347,661051.56703,5026904.9391
20.741696,642689.431664,5010908.83205
6.684052,616084.340801,5010664.15349
15.555145,682158.942269,5026956.44191
4.855297,671080.935929,5041121.52785
3.275797,592008.101592,5017314.05785
1.642698,673430.561108,5041549.99531
7.1681,648650.594762,5041490.78001
1.193097,668222.579202,5041655.02306
1.904849,657406.748539,5027440.90836
1.570947,641954.490812,5027439.81028
7.1423,667025.831841,5027353.01453
6.180796,662476.924494,5011596.03515
3.922101,626315.07038,5011620.88988
1.234851,609489.208463,5011681.14802
1.638151,629293.211941,5011732.32053
1.95055,652503.873452,5027613.75742
2.344049,615703.720328,5011801.55325
6.101699,626909.889616,5011673.40012
3.539448,617702.406125,5011922.9284
12.565465,587457.126933,5018044.07737
9.523099,600080.014475,5011814.12775
18.129099,687507.622117,5027438.47546
2.928048,615654.128923,5012065.18983
5.095399,673683.02081,5027865.06305
2.754149,671502.913908,5042683.61293
1.550897,626604.825629,5012201.72887
19.701651,616295.879305,5011628.28384
2.018051,592741.781431,5012221.20769
4.057203,600096.404028,5012232.86882
3.64365,600959.362225,5012288.08528
1.008647,659531.155118,5012410.3133
14.410148,627373.286723,5012381.47596
36.429397,587774.937411,5012485.93372
2.43115,664157.462576,5043221.73081
6.156298,654339.45811,5027948.32285
1.009351,624769.388473,5012936.93223
1.62835,637104.439485,5028011.13502
1.687901,617320.537083,5012919.45648
1.517052,626655.7546,5013063.25751
1.195849,645981.730796,5028040.94823
9.097551,668218.803295,5043526.98549
22.373853,626334.658711,5012816.48057
1.326499,673740.635904,5013150.14597
2.300649,612044.636837,5013268.07996
1.108548,669540.359293,5043982.11325
28.157303,653367.765486,5028063.18957
5.806204,666395.923089,5043956.94177
9.666801,627714.270995,5013350.59593
7.961598,602913.511676,5019381.22136
1.692802,647417.228333,5013465.52727
20.368854,588684.432807,5019558.55394
4.0622,588028.754259,5019686.06844
4.798647,625993.898815,5013530.51909
25.66465,588579.178198,5013406.18939
3.498151,598074.07837,5013718.70708
20.935903,671487.850462,5044058.80328
10.956247,609471.960177,5013747.64422
4.977801,596896.89019,5013800.79762
4.452001,693454.753701,5028891.06111
6.827201,687472.596403,5028982.64052
2.204997,610318.309895,5014003.34891
5.84735,598091.796997,5014069.87176
3.900401,650106.398171,5029114.47338
1.4425,609349.240597,5014134.06656
20.123452,691884.286709,5028783.27785
1.1037,606691.68591,5014242.48964
45.422253,676180.551827,5014126.74187
2.720849,605726.921611,5014475.86506
1.1718,608884.636856,5014491.43666
1.202449,654571.83526,5014622.48661
6.716699,667497.129162,5014497.00791
11.463803,654699.321212,5029015.93995
2.084249,608361.481457,5014576.19019
6.151399,671099.614077,5014698.49189
2.520198,644434.980133,5034036.12552
2.1973,607131.962794,5014844.30715
1.827499,693852.433758,5029521.36642
3.921351,609507.768902,5014911.54068
17.578202,665030.792249,5014785.48724
2.2762,674219.585322,5014951.77774
2.778551,674706.274128,5029742.0848
2.56735,665073.115513,5046320.22899
12.4885,683243.853295,5029706.39996
2.636498,607674.856234,5015129.58539
3.961048,609624.237675,5015308.95101
12.097204,690391.674671,5029808.14359
2.440802,607494.268418,5015372.55161
6.6738,681237.176766,5015460.7243
1.6991,615419.136596,5029991.97808
4.56615,601033.870097,5015639.33647
6.246799,622684.019574,5015719.65742
1.95845,609119.925723,5015762.71593
10.5064,685967.810055,5029798.85374
2.289103,646168.744206,5015627.75657
2.690999,691155.905068,5030099.21372
2.649999,607329.686534,5015890.52366
2.678648,608858.777326,5015739.60254
2.691647,610044.356293,5015830.52991
1.01715,611346.110434,5016139.63604
6.622449,651314.258419,5035029.79513
8.137901,680882.004463,5016169.3501
1.670049,658214.269442,5030469.17877
3.934299,608385.314508,5016331.20903
8.449801,672374.415764,5016187.09109
8.690348,679264.754572,5016255.94224
31.893546,685295.297739,5030227.87284
2.203498,679992.854816,5030586.09119
1.103197,644052.899074,5016317.71109
1.2051,643497.406677,5016539.71409
19.5971,645286.149947,5035292.8927
8.781748,682850.129192,5016474.52221
4.58415,671379.991492,5047519.66498
5.78685,609675.214048,5016497.53433
2.343948,661499.992108,5016712.42579
7.508953,606985.116696,5016750.50355
3.973548,665203.484406,5016612.84996
1.211098,588441.396185,5016945.78159
10.363349,621126.005746,5016927.41312
1.6398,671743.896026,5017107.24511
19.907696,678018.281333,5022311.28292
1.786748,644511.336145,5017279.00054
14.658249,635447.698857,5030778.07858
5.071447,610129.551685,5022421.88783
8.897753,622047.691309,5031112.17816
1.3465,647344.026259,5017204.22657
1.994898,650633.540959,5031218.09988
2.612448,657010.184363,5017374.81094
17.719298,650738.969821,5048562.25065
48.69385,688027.835102,5030930.46784
1.318098,645753.485986,5031456.23903
13.198351,662398.795342,5031325.66201
4.867198,650516.747278,5017752.14946
5.8612,664708.249559,5017760.26751
6.994198,681421.702784,5017753.97033
8.130849,660796.213201,5017695.78542
56.868143,669434.367589,5017584.07587
3.259953,634965.601756,5031679.11011
1.793148,665106.900519,5023263.93316
1.101202,661394.527165,5018142.57196
10.121949,589067.427056,5018123.95876
1.973598,659015.424129,5031745.08347
13.121602,631384.194812,5018270.90157
1.095749,670742.381345,5018456.73987
7.004249,630131.355335,5018370.45642
5.202551,692373.772678,5031962.81183
4.582797,663795.933158,5032017.6992
1.249849,615141.482656,5018481.53365
1.6905,659421.508952,5049707.15895
1.10925,675628.095217,5049736.63542
3.540401,666671.790871,5018722.64692
2.22655,673590.181064,5018755.97643
7.512751,659154.364817,5032221.20231
4.75185,672567.573831,5049833.85584
1.236352,668044.892319,5050070.98377
19.251899,652355.205527,5049978.88122
10.347998,639946.587539,5032331.39975
3.266997,634405.516603,5032365.60244
5.620796,620678.335299,5018962.68542
2.327548,616780.673531,5019117.2275
2.899297,668394.114481,5019131.65168
6.288331,587407.327702,5019178.89368
2.039,669831.008302,5050510.55678
1.03615,604344.27267,5019360.9201
1.30865,656087.060749,5050560.53754
2.0314,660082.904678,5050574.47187
2.018501,684953.509345,5019524.12116
6.360999,678697.174457,5058004.76834
4.980795,689363.961602,5032816.94469
2.92255,635742.659871,5038481.95569
1.516749,669891.084927,5024548.70141
18.7933,664442.352434,5019464.00645
11.8859,677390.569878,5032892.90664
9.3195,659948.287767,5033046.23472
1.804749,643309.874407,5033164.18377
2.316101,645826.910077,5033164.09313
11.180348,646660.445133,5019761.97157
4.599848,686300.985719,5033079.63145
3.186798,650762.535394,5033260.65551
2.56435,614643.687564,5020085.79646
7.710254,617299.095781,5019968.39883
1.763448,684671.786993,5033177.57324
2.663503,640350.60067,5020153.57826
3.833251,666106.362642,5033288.17049
1.165249,659541.814349,5051619.19948
6.460749,665582.497369,5033504.06632
3.993349,689128.943885,5020320.22724
1.907848,657854.918147,5051808.51946
3.248801,676161.066669,5051833.99986
11.982792,684775.132507,5033804.46721
2.590602,652116.807273,5020589.86688
1.295349,605181.938693,5020676.25029
3.613599,663418.178792,5051929.23655
2.805503,632235.807285,5025501.42878
7.657448,690859.760379,5029250.42228
7.663001,645881.431197,5033937.76254
1.410099,610436.511601,5020863.17128
1.571101,678751.084347,5052301.2019
6.9922,682169.863379,5020921.6737
1.285451,675152.166545,5021080.1848
2.739249,602562.788187,5021043.85686
6.378299,661246.837161,5020950.38223
4.107652,682302.247998,5052574.17564
1.2576,675495.68003,5052777.03961
1.289348,687378.441434,5052997.6468
9.693794,690614.567933,5021082.6405
6.627548,667858.901217,5021043.20552
2.362851,642879.21285,5034751.27987
4.312998,654196.587434,5053025.76959
1.903423,607513.915969,5025831.76121
10.53455,670092.809908,5021427.08226
1.58685,644523.513076,5034911.15587
1.831599,690691.001925,5034949.98063
3.481547,680317.882784,5053554.34542
10.548452,636807.771687,5021475.65069
1.034051,618426.735475,5021709.1172
3.361548,656101.229506,5053653.54465
15.733202,621014.660955,5021635.00802
3.957799,674713.153141,5040377.27686
4.1532,620354.409906,5035136.82996
22.532799,675805.205222,5021640.85587
2.18745,667497.419739,5035268.01061
3.746947,633105.752534,5026358.70771
3.68745,684726.161423,5035256.85462
2.445651,648948.927997,5040685.93635
1.367498,637219.207279,5022024.18722
1.480299,686809.581038,5035454.00982
3.70755,654113.980146,5054204.86879
3.20575,675978.649976,5022054.66082
11.664887,677028.775264,5040622.13762
9.124749,607513.157496,5022017.77265
3.381198,684159.47332,5022157.64006
5.789196,676317.731424,5035564.4856
8.573001,652830.828881,5054415.31663
12.579653,680548.559593,5054206.34093
8.056597,619807.680527,5035528.63809
2.138049,682467.788046,5035668.11486
2.884098,684748.100894,5054734.83755
92.677454,673160.579135,5054001.34926
21.691746,649786.132579,5041170.97287
7.386999,680128.083876,5022381.01547
3.394347,680446.13892,5035870.49081
2.904901,652543.245478,5048292.85144
29.828792,643934.63422,5035690.62475
1.2932,684283.950387,5022703.84043
3.141498,685267.971433,5036181.15383
2.229751,633411.975831,5036174.20754
1.344299,608227.889366,5022802.36812
1.428647,647210.581237,5036291.95245
5.699748,611968.96468,5022817.88427
4.633849,658212.055846,5022861.29129
10.191299,676755.832365,5036218.2235
15.313702,677755.595275,5022763.78684
7.838546,683914.441452,5022867.56131
19.167051,646252.934713,5036010.24575
4.529449,680328.423376,5023076.31724
1.107353,641777.134542,5027697.55043
6.710547,635843.479823,5023172.84831
3.044548,647321.956026,5036737.72518
33.511253,693707.568943,5023158.23168
11.3598,663494.22521,5036641.1637
5.205001,689520.337546,5023321.3431
5.104401,665714.668195,5023259.21865
3.08045,636024.21042,5037097.24695
12.668449,659916.491899,5036975.71776
1.646599,668962.268424,5037312.52475
13.170403,609136.578442,5023174.61834
8.743997,676165.937669,5037267.5728
4.597,677664.402418,5023619.17741
7.435851,687233.085242,5023546.50912
8.240749,671203.547368,5056895.69604
2.142997,669074.023314,5023835.21503
1.478648,672589.501866,5057099.41315
14.896054,680782.466888,5023676.69006
1.20715,645544.358733,5023966.44657
4.576601,659898.004015,5037690.13718
1.723598,663803.027173,5037829.22383
1.64975,668623.247241,5037802.00827
5.329447,689665.980702,5032439.36131
37.092945,645803.493589,5037393.3908
3.553399,660759.828417,5024270.65087
8.743453,664939.312486,5038067.26863
9.650498,678766.62367,5038329.94308
8.299945,656805.373649,5024312.1647
2.124349,671568.041198,5057966.17173
7.406198,673073.04161,5028409.61547
10.938999,666523.149374,5028416.20584
3.667098,688605.491397,5028625.13357
1.866899,654833.97645,5032910.58386
1.181998,670777.072781,5058428.33117
1.348699,667565.812267,5024564.06502
4.122699,661162.680229,5024491.36464
12.847652,680512.05431,5058364.21364
2.073849,646247.07859,5024682.49492
7.442551,627660.008649,5038653.60024
4.625601,642293.677481,5038827.50414
2.97065,680959.348168,5059193.43527
26.829345,694025.957352,5024559.34633
3.756851,673990.282708,5038891.55684
4.093799,656927.37407,5038910.29753
5.423051,679599.954483,5060005.64879
8.529148,678858.862603,5060050.33926
4.569548,685028.664068,5025123.23056
1.617101,668118.790649,5038996.77867
5.510098,694634.870761,5025215.5775
1.345249,666241.763091,5025311.98156
18.298151,689550.049331,5025147.02563
3.440199,664137.799318,5039064.95518
2.598354,639430.182664,5025414.01826
2.7626,668532.22501,5039187.60333
15.4538,660388.046305,5045266.25667
1.256499,666728.159765,5039305.74707
2.354199,691319.761611,5025680.30372
4.325601,686812.332778,5025578.9476
16.766271,670328.635629,5042327.85077
9.118051,663195.712341,5039487.16957
1.734099,694615.996937,5029665.42576
4.615099,676786.541676,5039567.96167
18.9977,690343.314022,5025196.54686
12.810098,689456.359632,5039290.66632
9.290351,685661.209673,5025660.23826
3.825238,655324.014819,5039837.17195
32.301353,659518.169566,5039618.0902
23.402198,625276.182818,5025584.86204
6.824602,657484.599837,5039842.57185
18.59305,693349.352576,5025526.40653
28.695652,672469.225579,5045867.8091
2.492001,625650.428165,5025947.29768
4.518697,661064.733911,5039896.45763
1.475749,668087.666894,5040094.06362
13.730796,670464.58814,5040083.18648
2.052302,663218.535712,5046643.21042
1.205798,670360.988597,5026135.24769
6.510203,688618.265649,5026034.43417
4.413299,662508.458668,5046790.2537
4.161449,648917.921011,5040424.02871
2.23275,689935.431293,5030211.03644
2.719744,639975.321419,5026248.96785
2.198351,639668.101892,5026276.12839
3.868146,683138.749933,5026265.57499
6.106948,650395.259583,5030451.04365
4.924503,657777.267067,5030445.44868
2.2621,680342.035531,5046922.49894
20.101049,674993.906201,5035148.55971
4.117449,667073.586393,5026540.18256
12.213097,684946.641375,5040659.89779
1.625199,672513.054813,5040762.98405
6.779699,692541.203315,5030591.25338
1.354451,663594.51989,5030584.13665
1.6879,646340.998104,5040827.31842
1.74355,637012.791706,5035634.91204
9.353452,666542.495936,5026594.69854
1.163949,636012.608386,5026788.80372
4.587601,641590.205373,5041068.42139
4.029297,671730.626701,5041152.41673
7.595701,649197.040685,5041210.4462
1.108249,670270.696774,5041349.33274
4.8252,657194.16377,5030895.54111
1.853902,641138.88231,5027098.19272
9.883846,685159.749343,5041362.48351
3.05585,675970.298614,5054981.58342
16.309295,641141.795844,5030954.70891
13.205052,679987.780239,5048360.9354
2.3529,692479.697123,5031121.8909
21.272644,657812.963967,5048092.23986
5.499951,656038.561927,5041652.44235
1.083648,679770.078337,5041897.99234
3.835699,656665.521174,5041901.92313
1.9734,641307.70009,5027469.47845
1.5779,686858.976352,5027438.13574
4.01455,672016.463649,5027514.53295
1.474304,689896.228352,5027475.65258
2.088801,676098.735614,5042111.39947
1.04125,642289.75776,5027648.20932
1.461653,666941.855398,5027657.02075
24.033199,670858.776979,5049211.1235
1.518849,691133.016535,5031713.25047
1.907549,675988.070968,5042623.12739
1.743498,685276.142267,5042663.84173
59.210954,681104.726214,5027141.12332
1.55315,665950.050319,5042769.28135
7.8324,687224.891971,5031797.18163
7.508898,639595.034682,5027836.82039
1.251548,683806.617632,5027897.35527
2.016699,649020.559384,5027919.56218
1.008497,651403.046294,5028009.9828
2.303552,692394.123287,5027864.61453
1.869301,683411.0627,5042990.9062
24.076848,664332.280619,5031886.62754
6.291049,669766.18941,5027852.35502
7.762151,680285.112574,5049854.51815
6.531203,674831.07867,5043236.52345
2.149449,667366.108879,5028005.33109
1.165201,666848.934196,5043322.6565
2.919899,687910.578487,5027974.83146
15.495198,669687.487776,5043348.17827
3.10605,656697.083248,5043526.14486
8.084101,665018.349517,5057404.90066
3.14455,671212.550459,5028329.12331
10.1235,690218.833818,5028238.83354
5.274198,682100.522785,5028139.51194
42.939023,670861.306793,5032362.93853
3.0686,680972.722347,5057725.23375
6.644851,660129.224741,5038334.07936
2.840401,691449.294179,5032719.24566
1.124199,650651.525488,5032867.27798
19.781997,653297.199807,5043707.19138
1.030501,663401.589163,5058189.30043
15.874596,675705.487279,5032782.45266
6.521399,646001.735994,5044009.69844
3.8739,663641.109562,5050912.65449
7.008,665425.501109,5028890.18863
19.400952,661206.017982,5050787.71859
10.387448,659461.958673,5044251.53602
1.51835,676295.611747,5044555.89472
16.959003,670017.247307,5044440.57598
4.610696,661182.875346,5044469.24151
9.129948,672190.293466,5044460.75926
10.407151,669793.947761,5028954.2803
7.171152,662411.794528,5044673.36443
1.626199,660048.415695,5044852.76267
1.10905,671961.399302,5051571.93447
7.17605,659321.568494,5029138.8242
2.99115,668334.22901,5029181.80997
7.83505,653146.065316,5029155.2788
10.298147,658800.908811,5028933.11112
5.019399,659095.79573,5045326.11064
16.272898,662836.806809,5028863.32787
2.506849,664966.957264,5045503.95827
1.518648,649670.468316,5045475.54197
1.10095,639043.975353,5029392.5264
42.59921,613409.250224,4973305.74042
17.595648,659196.492793,5030461.73259
11.6872,689177.035509,5029049.0177
1.4044,694219.968324,5029591.48325
1.348649,658036.961205,5045911.13463
5.063347,688663.605522,5029476.23722
21.021053,643301.987009,5034050.05805
25.097544,633352.277908,5029294.22558
2.61305,649409.964577,5046308.59896
37.331251,688382.378836,5034120.54757
9.120451,667463.317056,5046122.83943
1.7084,645850.174441,5029813.55585
14.691847,616250.325012,5029743.81899
1.904496,666392.354564,5046400.80892
1.90185,666222.967604,5029913.62069
7.708,695078.13926,5029820.49671
3.676399,672213.022239,5040003.82969
1.980651,658702.88681,5029979.63806
5.928599,669381.488998,5029960.05902
19.079005,641454.592696,5029954.94305
27.21695,662511.880727,5053212.52976
5.061248,678925.201752,5053517.2261
7.55995,683231.355079,5046629.31936
1.26975,651649.272941,5046835.39201
3.090599,686704.050692,5035019.90992
1.461049,633753.828795,5030277.58206
8.469652,677420.703024,5053730.41309
2.7923,671348.351751,5030360.42886
9.019999,667776.206463,5046865.93685
8.089148,679923.190437,5040431.478
3.561496,688730.163457,5040483.85353
2.058451,678284.60947,5053954.48058
6.624751,656118.072411,5049469.11375
4.383751,673572.9101,5047118.52392
2.73595,651691.591231,5047183.3919
6.016499,640480.240322,5030563.59441
39.95714,633667.264086,5034849.43577
3.502046,657216.874867,5054418.28862
1.5614,668744.335738,5030644.33577
12.330897,660324.791876,5047477.53536
38.94535,668828.322985,5037185.63804
1.8872,665817.535746,5047909.71232
1.641101,668930.17007,5030784.6499
2.620699,692967.184053,5030836.30616
8.269754,687122.507228,5030827.07424
1.21695,679987.301751,5030926.66697
10.316949,673968.594015,5047941.803
5.895451,673497.84899,5054809.98209
3.19895,668385.041277,5048218.33588
16.22835,670460.53866,5054811.39966
2.977801,663258.087099,5035969.81838
2.432054,674931.855208,5054982.76271
1.34255,655467.690038,5036056.2528
1.96535,636112.868626,5036114.38406
2.207,680806.541524,5031237.03159
5.166899,674926.445706,5048540.88651
1.587751,661755.224005,5048882.31373
11.939196,660382.002354,5048779.25228
6.07555,651528.025144,5048874.33511
2.053599,693741.705796,5031549.66302
2.811799,645208.31651,5049125.22966
2.415147,645987.753353,5031621.51225
1.644149,681620.385284,5031668.86193
5.3062,679068.860568,5031530.85475
10.589801,664861.245778,5036550.86642
18.130813,680124.658534,5055708.20961
3.359854,663330.282232,5031617.47064
13.466103,654252.122458,5031594.42997
4.061901,671626.06695,5049318.57623
4.848802,675226.980408,5031832.76557
6.5052,685438.624744,5036615.64827
16.819547,669744.586715,5031796.5232
13.403054,677100.470503,5044588.35712
37.902054,668793.201068,5049054.61109
39.098605,690448.78136,5031381.27367
3.0922,682168.469113,5037293.0008
1.37925,675359.017796,5056927.05533
5.62525,660818.532082,5037279.45846
8.016998,693421.572282,5032054.67605
5.650652,646499.992185,5042613.49464
2.54755,652174.24147,5045504.30863
13.80025,660485.7427,5056901.35124
7.864598,680868.02467,5057121.87666
1.9484,667184.52678,5050166.13749
5.271647,666476.873209,5050125.14305
1.7935,688715.478156,5032483.52567
2.171798,645726.87248,5050349.05035
11.860351,686178.77554,5032206.1903
2.7016,657066.290199,5032488.83059
1.62385,679280.990246,5057703.06603
30.451403,686748.728993,5057413.03526
1.5227,680964.862133,5050498.71124
11.164303,668668.299554,5046224.15797
2.314597,674957.396668,5057724.86792
54.00404,677860.504082,5043593.16113
2.178,654677.504054,5050754.92254
76.407855,648696.017256,5043632.47682
3.551098,672219.714409,5038556.2
9.145501,628183.414594,5032938.53283
3.355399,677539.573349,5038597.37888
3.957448,647684.245855,5050979.73049
1.2219,669347.853524,5038703.83119
4.85235,665819.660909,5051053.25741
1.01565,645364.144417,5033198.17
4.570899,657785.432872,5051122.56838
7.135703,666571.442368,5051082.88698
1.150599,670181.797205,5046883.94971
18.534346,662211.014648,5032826.91062
2.83055,648140.221747,5033248.64224
3.544049,676575.954766,5051464.04094
12.3002,680567.597954,5059463.01549
1.560698,667995.614822,5051626.51676
13.364854,672465.728075,5046884.95115
2.074848,671206.50853,5051647.80847
2.810451,639442.532894,5033743.2074
2.099451,659822.289121,5039001.11933
10.787502,647384.584716,5038861.55199
2.351747,655784.370922,5051774.35068
1.39655,659571.589067,5051891.3336
20.538445,676405.464245,5033698.11327
9.197203,670321.822566,5056847.12604
10.748251,655088.093954,5054466.41149
8.915049,667371.404423,5045563.19567
6.548548,672777.511401,5052105.16426
9.958201,664964.113738,5034052.92949
27.40965,674031.888013,5054479.4528
52.967198,679875.531318,5052530.21049
10.6565,686423.723873,5034219.25629
1.1151,656316.195062,5052692.24268
19.026726,654709.803756,5039250.04297
3.091751,677624.745831,5052561.24353
6.779753,667260.804904,5039579.86787
1.579751,669577.156641,5048340.0068
1.195951,668066.170548,5034683.82042
8.70925,674121.732434,5034647.47438
9.614946,655238.903789,5052891.26136
5.744702,650494.128466,5040049.47541
4.811149,632532.634119,5034826.41273
1.814397,661893.268588,5053533.8891
1.423999,674322.766612,5042091.76686
31.980802,653704.442833,5036096.44048
2.3661,674278.207164,5053724.98352
1.027952,670022.209696,5040418.75116
1.3641,656787.515195,5053740.36443
2.040299,657264.337108,5042548.7287
1.36925,665013.038316,5046943.02987
1.244099,674858.822278,5053880.21042
1.035952,646801.433564,5035272.77059
77.787954,663219.804007,5041536.8268
10.895947,668884.64853,5046924.58175
10.898002,681925.3409,5036613.49191
90.749197,670611.018983,5056022.10549
27.503752,671121.771576,5035008.127
5.237648,676049.120384,5054018.05122
4.290251,672754.380861,5042963.60529
6.105596,680936.925506,5047206.41411
1.376399,670641.602781,5054340.54119
2.9599,675293.391119,5054429.61861
37.509137,614934.650038,4971748.28473
1.319549,659257.221494,5051899.99468
6.769353,672087.904193,5040835.11262
9.549755,655892.243117,5040752.28137
3.445348,671818.775516,5047894.74073
2.210174,672983.24674,5057365.75668
2.30315,668836.680915,5048084.99845
61.560806,648869.91414,5045615.79502
37.297895,653126.78208,5047633.3081
8.090701,655127.914341,5035731.20963
32.802348,651423.658464,5043177.91418
8.988652,675189.300241,5043811.93019
1.310399,659398.191576,5049366.30966
12.524424,690214.384399,5032835.40073
1.537999,660558.57341,5055128.49092
13.223801,665999.656599,5054967.25147
1.276699,670795.453324,5055179.2756
1.334,633672.135415,5036278.03438
1.6287,657373.255166,5055273.8039
4.270898,648379.62486,5036347.76669
4.80045,675687.944002,5036302.465
3.605799,675666.40473,5038623.16399
12.462101,673647.828896,5044189.4541
6.28435,619824.626304,5036369.07263
1.013499,680780.167431,5055853.98595
9.1058,682948.418297,5038867.14999
1.665399,678093.259695,5058684.67717
6.177446,665515.50466,5036664.92852
1.44335,680843.838519,5056172.96103
2.067799,631572.76038,5036784.03822
2.03775,680046.255116,5059529.70681
13.8203,662536.870103,5056116.49798
7.938597,681608.707921,5059187.49207
4.798551,652602.412206,5049471.63759
16.180999,677613.194841,5056275.32389
2.693098,663016.784357,5056638.94624
3.229252,665112.812575,5045095.96151
1.878549,683484.044192,5061412.96203
2.079101,679531.899345,5050386.5456
1.576298,657412.596173,5037443.58618
4.030901,662872.128804,5047560.93491
2.813,678180.926475,5056918.54184
5.113249,664674.171249,5050655.96523
16.4543,674015.212582,5043204.54717
7.387699,661577.303964,5057196.618
4.59135,688758.47517,5039397.45397
18.957453,678637.477089,5057298.75904
53.990437,668744.750105,5040793.1093
10.137345,664350.084537,5050354.55788
1.378399,671129.181391,5043667.46201
3.89555,640550.262848,5041404.50974
18.699595,666697.358227,5038486.60631
23.882947,663776.036985,5058619.29217
6.326852,675612.905205,5054910.33659
6.254449,656096.494579,5038785.99794
7.237153,687901.499565,5038752.24078
1.07115,650623.053839,5046501.10533
3.046749,679815.759699,5050731.9325
40.120949,674970.07793,5050449.25373
8.084598,670349.149193,5050908.45429
8.172801,665685.30545,5041880.60428
1.924399,680838.733871,5048868.14733
1.1422,676112.727499,5058607.21851
3.128802,652944.437971,5049620.93066
1.139849,665196.074062,5052557.74532
4.929702,659105.759282,5049304.31047
1.7401,674948.278552,5055874.32071
19.196205,682097.597092,5061441.67031
27.372645,677991.290663,5039531.30726
8.1991,665036.234075,5040388.6917
2.381548,682127.654447,5059415.83297
2.2364,656317.134809,5043408.46707
8.761498,679829.690626,5038950.05704
1.767899,679065.809338,5060501.03074
2.742803,648308.397768,5040745.5708
1.10945,675522.520678,5050426.20643
1.782801,673452.482934,5040314.68469
29.567896,683282.066306,5063122.35347
2.93205,658009.945243,5049704.2355
10.433851,661512.572036,5046775.07922
60.588839,667566.907078,5053147.8704
3.426699,661757.299787,5047796.84644
5.28325,625875.869726,5039514.91431
90.853603,677298.797045,5051924.25621
4.029748,662807.335722,5040059.04444
2.170349,673275.841553,5046105.6529
1.26055,679011.719126,5055707.43607
1.954149,668050.748197,5042099.61193
1.834253,653993.707979,5051749.80086
31.983947,660016.562001,5041910.67685
39.958747,667126.112722,5048861.55551
1.724698,659825.517513,5044706.8531
8,672867.897138,5053020.75427
17.928647,688122.993954,5040153.90583
1.180849,667527.131911,5046535.60183
1.38595,677374.070683,5058477.23871
3.3293,650165.434332,5042908.5636
9.767698,656497.079743,5045358.00505
5.362348,670039.93097,5049251.4208
15.534903,683410.287316,5060157.73606
36.813749,668992.550199,5053310.02208
1.6692,656324.789884,5046282.32255
10.503247,673835.005658,5046180.52937
1.389851,666185.993447,5049380.31017
1.6054,680160.18832,5051385.80558
3.070299,645241.937921,5042696.68783
10.560152,645807.282904,5041862.78623
4.5503,666006.068991,5052192.94136
20.057502,672286.759214,5058300.57652
2.899549,683916.168055,5054094.87864
3.274198,676239.71094,5055327.47189
1.66635,675935.379721,5055221.09396
13.989851,681027.910569,5049176.94263
4.024749,656979.586968,5053475.57003
3.788251,678910.908371,5056237.75465
11.053946,672502.356349,5056197.72757
2.165801,658997.411088,5045008.17106
1.950649,647853.321937,5046534.31252
25.825201,674878.171513,5044618.28938
22.1357,654953.597624,5049278.05534
1.127749,657342.949191,5042902.52686
8.280048,680131.937574,5058129.10444
